ticker,ticker_clean,category,confidence
BONK-USD,BONK,memes,high
FLOKI-USD,FLOKI,memes,high
M-USD,M,memes,high
SHIB-USD,SHIB,memes,high
WIF-USD,WIF,memes,high
DOGE-USD,DOGE,memes,high
VIRTUAL-USD,VIRTUAL,ai_&_big_data,high
ICP-USD,ICP,ai_&_big_data,high
FET-USD,FET,ai_&_big_data,high
NEAR-USD,NEAR,ai_&_big_data,high
FIL-USD,FIL,ai_&_big_data,high
INJ-USD,INJ,ai_&_big_data,high
RENDER-USD,RENDER,ai_&_big_data,high
FLOKI-USD,FLOKI,gaming,high
VIRTUAL-USD,VIRTUAL,gaming,high
WEMIX-USD,WEMIX,gaming,high
GALA-USD,GALA,gaming,high
SAND-USD,SAND,gaming,high
MANA-USD,MANA,gaming,high
RENDER-USD,RENDER,gaming,high
JUP-USD,JUP,solana_ecosystem,high
AAVE-USD,AAVE,solana_ecosystem,high
SOL-USD,SOL,solana_ecosystem,high
LINK-USD,LINK,solana_ecosystem,high
RENDER-USD,RENDER,solana_ecosystem,high
FLOKI-USD,FLOKI,bnb_chain_ecosystem,high
M-USD,M,bnb_chain_ecosystem,high
SHIB-USD,SHIB,bnb_chain_ecosystem,high
LINK-USD,LINK,bnb_chain_ecosystem,high
CAKE-USD,CAKE,bnb_chain_ecosystem,high
BNB-USD,BNB,bnb_chain_ecosystem,high
BTT-USD,BTT,depin,high
HNT-USD,HNT,depin,high
ICP-USD,ICP,depin,high
ZBCN-USD,ZBCN,depin,high
FIL-USD,FIL,depin,high
TRAC-USD,TRAC,depin,high
THETA-USD,THETA,depin,high
RENDER-USD,RENDER,depin,high
ROOM-USD,ROOM,prediction_markets,high
PERRY-USD,PERRY,prediction_markets,high
REP-USD,REP,prediction_markets,high
GNO-USD,GNO,prediction_markets,high
PNK-USD,PNK,prediction_markets,high
PLOT-USD,PLOT,prediction_markets,high
POLK-USD,POLK,prediction_markets,high
IOTX-USD,IOTX,robotics,high
HNT-USD,HNT,robotics,high
GEOD-USD,GEOD,robotics,high
DIMO-USD,DIMO,robotics,high
NATIX-USD,NATIX,robotics,high
PEAQ-USD,PEAQ,robotics,high
JASMY-USD,JASMY,robotics,high
OVR-USD,OVR,robotics,high
PUFFER-USD,PUFFER,restaking,high
LAYER-USD,LAYER,restaking,high
EIGEN-USD,EIGEN,restaking,high
REZ-USD,REZ,restaking,high
SWELL-USD,SWELL,restaking,high
PENDLE-USD,PENDLE,restaking,high
BABYDOGE-USD,BABYDOGE,generative_ai,high
VIRTUAL-USD,VIRTUAL,generative_ai,high
QUBIC-USD,QUBIC,generative_ai,high
FET-USD,FET,generative_ai,high
LPT-USD,LPT,generative_ai,high
AKT-USD,AKT,generative_ai,high
AIOZ-USD,AIOZ,generative_ai,high
TRAC-USD,TRAC,generative_ai,high
RENDER-USD,RENDER,generative_ai,high
XAUT-USD,XAUT,real_world_assets_protocols,high
XLM-USD,XLM,real_world_assets_protocols,high
ONDO-USD,ONDO,real_world_assets_protocols,high
LINK-USD,LINK,real_world_assets_protocols,high
PAXG-USD,PAXG,real_world_assets_protocols,high
VET-USD,VET,real_world_assets_protocols,high
AVAX-USD,AVAX,real_world_assets_protocols,high
ALGO-USD,ALGO,real_world_assets_protocols,high
HBAR-USD,HBAR,real_world_assets_protocols,high
PUFFER-USD,PUFFER,eigenlayer_ecosystem,high
ETHFI-USD,ETHFI,eigenlayer_ecosystem,high
STETH-USD,STETH,eigenlayer_ecosystem,high
REZ-USD,REZ,eigenlayer_ecosystem,high
SWELL-USD,SWELL,eigenlayer_ecosystem,high
PENDLE-USD,PENDLE,eigenlayer_ecosystem,high
ATA-USD,ATA,eigenlayer_ecosystem,high
VIRTUAL-USD,VIRTUAL,ai_agent_launchpad,high
CGPT-USD,CGPT,ai_agent_launchpad,high
HEART-USD,HEART,ai_agent_launchpad,high
PAAL-USD,PAAL,ai_agent_launchpad,high
G3-USD,G3,virtuals_protocol_ecosystem,high
VIRTUAL-USD,VIRTUAL,virtuals_protocol_ecosystem,high
AIXBT-USD,AIXBT,virtuals_protocol_ecosystem,high
AI16Z-USD,AI16Z,ai_agents,high
VIRTUAL-USD,VIRTUAL,ai_agents,high
FET-USD,FET,ai_agents,high
AIXBT-USD,AIXBT,ai_agents,high
RLC-USD,RLC,ai_agents,high
TRAC-USD,TRAC,ai_agents,high
CLANKER-USD,CLANKER,ai_agents,high
HGET-USD,HGET,options,high
ODDZ-USD,ODDZ,options,high
PTF-USD,PTF,options,high
DERI-USD,DERI,options,high
HEGIC-USD,HEGIC,options,high
USDT-USD,USDT,stablecoin,high
DAI-USD,DAI,stablecoin,high
FDUSD-USD,FDUSD,stablecoin,high
PYUSD-USD,PYUSD,stablecoin,high
USDD-USD,USDD,stablecoin,high
TUSD-USD,TUSD,stablecoin,high
USDC-USD,USDC,stablecoin,high
USDP-USD,USDP,fiat_stablecoin,high
USDT-USD,USDT,fiat_stablecoin,high
FDUSD-USD,FDUSD,fiat_stablecoin,high
EURC-USD,EURC,fiat_stablecoin,high
EURS-USD,EURS,fiat_stablecoin,high
PYUSD-USD,PYUSD,fiat_stablecoin,high
TUSD-USD,TUSD,fiat_stablecoin,high
USDC-USD,USDC,fiat_stablecoin,high
BAND-USD,BAND,oracles,high
DIA-USD,DIA,oracles,high
LINK-USD,LINK,oracles,high
RLC-USD,RLC,oracles,high
XYO-USD,XYO,oracles,high
PYTH-USD,PYTH,oracles,high
UMA-USD,UMA,oracles,high
FEI-USD,FEI,algorithmic_stablecoin,high
AMPL-USD,AMPL,algorithmic_stablecoin,high
CUSD-USD,CUSD,algorithmic_stablecoin,high
SUSD-USD,SUSD,algorithmic_stablecoin,high
CEUR-USD,CEUR,algorithmic_stablecoin,high
USDD-USD,USDD,algorithmic_stablecoin,high
XAUT-USD,XAUT,tokenized_commodities,high
VNXAU-USD,VNXAU,tokenized_commodities,high
CGO-USD,CGO,tokenized_commodities,high
PAXG-USD,PAXG,tokenized_commodities,high
XAUT-USD,XAUT,tokenized_gold,high
VNXAU-USD,VNXAU,tokenized_gold,high
CGO-USD,CGO,tokenized_gold,high
PAXG-USD,PAXG,tokenized_gold,high
ZF-USD,ZF,sonic_ecosystem,high
LINK-USD,LINK,sonic_ecosystem,high
EURC-USD,EURC,sonic_ecosystem,high
USDC-USD,USDC,sonic_ecosystem,high
AAVE-USD,AAVE,world_liberty_financial_portfolio,high
USDT-USD,USDT,world_liberty_financial_portfolio,high
ETH-USD,ETH,world_liberty_financial_portfolio,high
TRX-USD,TRX,world_liberty_financial_portfolio,high
LINK-USD,LINK,world_liberty_financial_portfolio,high
AVAX-USD,AVAX,world_liberty_financial_portfolio,high
ENA-USD,ENA,world_liberty_financial_portfolio,high
USDC-USD,USDC,world_liberty_financial_portfolio,high
LRC-USD,LRC,wallet,high
TWT-USD,TWT,wallet,high
1INCH-USD,1INCH,wallet,high
XPR-USD,XPR,wallet,high
TPT-USD,TPT,wallet,high
SXP-USD,SXP,wallet,high
SFP-USD,SFP,wallet,high
SAFE-USD,SAFE,wallet,high
FLOKI-USD,FLOKI,metaverse,high
VIRTUAL-USD,VIRTUAL,metaverse,high
WEMIX-USD,WEMIX,metaverse,high
EGLD-USD,EGLD,metaverse,high
AXS-USD,AXS,metaverse,high
SAND-USD,SAND,metaverse,high
MANA-USD,MANA,metaverse,high
RENDER-USD,RENDER,metaverse,high
GT-USD,GT,marketplace,high
FTT-USD,FTT,marketplace,high
KCS-USD,KCS,marketplace,high
BCH-USD,BCH,marketplace,high
LEO-USD,LEO,marketplace,high
TRAC-USD,TRAC,marketplace,high
OKB-USD,OKB,marketplace,high
HBAR-USD,HBAR,marketplace,high
BNB-USD,BNB,marketplace,high
QTUM-USD,QTUM,bitcoin_ecosystem,high
RSR-USD,RSR,bitcoin_ecosystem,high
DCR-USD,DCR,bitcoin_ecosystem,high
BTC-USD,BTC,bitcoin_ecosystem,high
LINK-USD,LINK,bitcoin_ecosystem,high
BSV-USD,BSV,bitcoin_ecosystem,high
PENDLE-USD,PENDLE,bitcoin_ecosystem,high
BTT-USD,BTT,distributed_computing,high
HNT-USD,HNT,distributed_computing,high
FIL-USD,FIL,distributed_computing,high
EGLD-USD,EGLD,distributed_computing,high
TRAC-USD,TRAC,distributed_computing,high
THETA-USD,THETA,distributed_computing,high
RENDER-USD,RENDER,distributed_computing,high
XLM-USD,XLM,made_in_america,high
ADA-USD,ADA,made_in_america,high
SOL-USD,SOL,made_in_america,high
XRP-USD,XRP,made_in_america,high
LINK-USD,LINK,made_in_america,high
BCH-USD,BCH,made_in_america,high
USDC-USD,USDC,made_in_america,high
HBAR-USD,HBAR,made_in_america,high
DOGE-USD,DOGE,made_in_america,high
XLM-USD,XLM,defi,high
DOT-USD,DOT,defi,high
AAVE-USD,AAVE,defi,high
DAI-USD,DAI,defi,high
LINK-USD,LINK,defi,high
ENA-USD,ENA,defi,high
XAUT-USD,XAUT,tokenized_assets,high
PRO-USD,PRO,tokenized_assets,high
PAXG-USD,PAXG,tokenized_assets,high
LINK-USD,LINK,tokenized_assets,high
JUP-USD,JUP,derivatives,high
FTT-USD,FTT,derivatives,high
DYDX-USD,DYDX,derivatives,high
SNX-USD,SNX,derivatives,high
ARV-USD,ARV,tourism,high
AVA-USD,AVA,tourism,high
TRVL-USD,TRVL,tourism,high
ADA-USD,ADA,layer_1,high
SOL-USD,SOL,layer_1,high
ETH-USD,ETH,layer_1,high
TRX-USD,TRX,layer_1,high
BTC-USD,BTC,layer_1,high
AVAX-USD,AVAX,layer_1,high
BCH-USD,BCH,layer_1,high
BNB-USD,BNB,layer_1,high
TURBO-USD,TURBO,ai_memes,high
AI16Z-USD,AI16Z,ai_memes,high
FARTCOIN-USD,FARTCOIN,ai_memes,high
ZEREBRO-USD,ZEREBRO,ai_memes,high
ADA-USD,ADA,us_strategic_crypto_reserve,high
SOL-USD,SOL,us_strategic_crypto_reserve,high
ETH-USD,ETH,us_strategic_crypto_reserve,high
BTC-USD,BTC,us_strategic_crypto_reserve,high
XRP-USD,XRP,us_strategic_crypto_reserve,high
FTT-USD,FTT,ftx_bankruptcy_estate,high
SOL-USD,SOL,ftx_bankruptcy_estate,high
ETH-USD,ETH,ftx_bankruptcy_estate,high
BTC-USD,BTC,ftx_bankruptcy_estate,high
XRP-USD,XRP,ftx_bankruptcy_estate,high
FIDA-USD,FIDA,ftx_bankruptcy_estate,high
GT-USD,GT,ftx_bankruptcy_estate,high
DOGE-USD,DOGE,ftx_bankruptcy_estate,high
JUP-USD,JUP,decentralized_exchange_dex_token,high
XLM-USD,XLM,decentralized_exchange_dex_token,high
CRV-USD,CRV,decentralized_exchange_dex_token,high
GNO-USD,GNO,decentralized_exchange_dex_token,high
RAY-USD,RAY,decentralized_exchange_dex_token,high
CAKE-USD,CAKE,decentralized_exchange_dex_token,high
SNX-USD,SNX,decentralized_exchange_dex_token,high
SD-USD,SD,liquid_staking_derivatives,high
LDO-USD,LDO,liquid_staking_derivatives,high
JTO-USD,JTO,liquid_staking_derivatives,high
ANKR-USD,ANKR,liquid_staking_derivatives,high
QI-USD,QI,liquid_staking_derivatives,high
RPL-USD,RPL,liquid_staking_derivatives,high
BANK-USD,BANK,liquid_staking_derivatives,high
SWELL-USD,SWELL,liquid_staking_derivatives,high
BONK-USD,BONK,dwf_labs_portfolio,high
FLOKI-USD,FLOKI,dwf_labs_portfolio,high
IOTA-USD,IOTA,dwf_labs_portfolio,high
TRX-USD,TRX,dwf_labs_portfolio,high
CRV-USD,CRV,dwf_labs_portfolio,high
FLR-USD,FLR,dwf_labs_portfolio,high
FET-USD,FET,dwf_labs_portfolio,high
ALGO-USD,ALGO,dwf_labs_portfolio,high
TFUEL-USD,TFUEL,communications_&_social_media,high
ATOM-USD,ATOM,communications_&_social_media,high
BAT-USD,BAT,communications_&_social_media,high
ZEN-USD,ZEN,communications_&_social_media,high
CHZ-USD,CHZ,communications_&_social_media,high
SAND-USD,SAND,communications_&_social_media,high
THETA-USD,THETA,communications_&_social_media,high
DOT-USD,DOT,base_ecosystem,high
BONK-USD,BONK,base_ecosystem,high
VIRTUAL-USD,VIRTUAL,base_ecosystem,high
CRV-USD,CRV,base_ecosystem,high
SHIB-USD,SHIB,base_ecosystem,high
LINK-USD,LINK,base_ecosystem,high
CAKE-USD,CAKE,base_ecosystem,high
DOT-USD,DOT,arbitrum_ecosystem,high
BONK-USD,BONK,arbitrum_ecosystem,high
AAVE-USD,AAVE,arbitrum_ecosystem,high
LDO-USD,LDO,arbitrum_ecosystem,high
CRV-USD,CRV,arbitrum_ecosystem,high
LINK-USD,LINK,arbitrum_ecosystem,high
ARB-USD,ARB,arbitrum_ecosystem,high
CAKE-USD,CAKE,arbitrum_ecosystem,high
PNG-USD,PNG,olympus_pro_ecosystem,high
FOX-USD,FOX,olympus_pro_ecosystem,high
ALCX-USD,ALCX,olympus_pro_ecosystem,high
BOTTO-USD,BOTTO,olympus_pro_ecosystem,high
INV-USD,INV,olympus_pro_ecosystem,high
GEL-USD,GEL,olympus_pro_ecosystem,high
SPELL-USD,SPELL,olympus_pro_ecosystem,high
PENDLE-USD,PENDLE,olympus_pro_ecosystem,high
IOTX-USD,IOTX,iot,high
HNT-USD,HNT,iot,high
FET-USD,FET,iot,high
VET-USD,VET,iot,high
IOST-USD,IOST,iot,high
JASMY-USD,JASMY,iot,high
MVL-USD,MVL,iot,high
DGB-USD,DGB,iot,high
OSMO-USD,OSMO,cosmos_ecosystem,high
OM-USD,OM,cosmos_ecosystem,high
FET-USD,FET,cosmos_ecosystem,high
ATOM-USD,ATOM,cosmos_ecosystem,high
AKT-USD,AKT,cosmos_ecosystem,high
LINK-USD,LINK,cosmos_ecosystem,high
LUNC-USD,LUNC,cosmos_ecosystem,high
ICX-USD,ICX,cosmos_ecosystem,high
RUNE-USD,RUNE,cosmos_ecosystem,high
LINK-USD,LINK,hyperliquid_ecosystem,high
USDH-USD,USDH,hyperliquid_ecosystem,high
PIP-USD,PIP,hyperliquid_ecosystem,high
ORNJ-USD,ORNJ,brc-20,high
ORDI-USD,ORDI,brc-20,high
MUBI-USD,MUBI,brc-20,high
LEVER-USD,LEVER,brc-20,high
BEFI-USD,BEFI,brc-20,high
TRAC-USD,TRAC,brc-20,high
RATS-USD,RATS,brc-20,high
ADA-USD,ADA,alleged_sec_securities,high
SOL-USD,SOL,alleged_sec_securities,high
ICP-USD,ICP,alleged_sec_securities,high
TRX-USD,TRX,alleged_sec_securities,high
ATOM-USD,ATOM,alleged_sec_securities,high
NEAR-USD,NEAR,alleged_sec_securities,high
FIL-USD,FIL,alleged_sec_securities,high
ALGO-USD,ALGO,alleged_sec_securities,high
BNB-USD,BNB,alleged_sec_securities,high
NEXO-USD,NEXO,alleged_sec_securities,high
ORDI-USD,ORDI,inscriptions,high
MUBI-USD,MUBI,inscriptions,high
TRAC-USD,TRAC,inscriptions,high
RATS-USD,RATS,inscriptions,high
KLIMA-USD,KLIMA,protocol-owned_liquidity,high
ALCX-USD,ALCX,protocol-owned_liquidity,high
TOKE-USD,TOKE,protocol-owned_liquidity,high
OHM-USD,OHM,protocol-owned_liquidity,high
SPELL-USD,SPELL,protocol-owned_liquidity,high
BONK-USD,BONK,polygon_ecosystem,high
AAVE-USD,AAVE,polygon_ecosystem,high
ATOM-USD,ATOM,polygon_ecosystem,high
CRV-USD,CRV,polygon_ecosystem,high
LINK-USD,LINK,polygon_ecosystem,high
NEXO-USD,NEXO,polygon_ecosystem,high
SAND-USD,SAND,polygon_ecosystem,high
RENDER-USD,RENDER,polygon_ecosystem,high
VIB-USD,VIB,music,high
CEEK-USD,CEEK,music,high
AUDIO-USD,AUDIO,music,high
JAM-USD,JAM,music,high
BONDLY-USD,BONDLY,music,high
LMWR-USD,LMWR,music,high
NFTART-USD,NFTART,music,high
OPUL-USD,OPUL,music,high
DOT-USD,DOT,ethereum_ecosystem,high
AAVE-USD,AAVE,ethereum_ecosystem,high
ETH-USD,ETH,ethereum_ecosystem,high
SHIB-USD,SHIB,ethereum_ecosystem,high
LINK-USD,LINK,ethereum_ecosystem,high
LEO-USD,LEO,ethereum_ecosystem,high
OKB-USD,OKB,ethereum_ecosystem,high
PSTAKE-USD,PSTAKE,btcfi,high
LINK-USD,LINK,btcfi,high
BANK-USD,BANK,btcfi,high
PENDLE-USD,PENDLE,btcfi,high
ALEX-USD,ALEX,btcfi,high
AAVE-USD,AAVE,near_protocol_ecosystem,high
BAT-USD,BAT,near_protocol_ecosystem,high
LINK-USD,LINK,near_protocol_ecosystem,high
NEAR-USD,NEAR,near_protocol_ecosystem,high
SNX-USD,SNX,near_protocol_ecosystem,high
YFI-USD,YFI,near_protocol_ecosystem,high
XLM-USD,XLM,smart_contracts,high
ADA-USD,ADA,smart_contracts,high
ICP-USD,ICP,smart_contracts,high
ETH-USD,ETH,smart_contracts,high
LINK-USD,LINK,smart_contracts,high
AVAX-USD,AVAX,smart_contracts,high
ALGO-USD,ALGO,smart_contracts,high
ETC-USD,ETC,smart_contracts,high
BNB-USD,BNB,smart_contracts,high
AAVE-USD,AAVE,avalanche_ecosystem,high
BAT-USD,BAT,avalanche_ecosystem,high
LINK-USD,LINK,avalanche_ecosystem,high
AVAX-USD,AVAX,avalanche_ecosystem,high
SNX-USD,SNX,avalanche_ecosystem,high
HAWK-USD,HAWK,terra_ecosystem,high
LDO-USD,LDO,terra_ecosystem,high
ATLAS-USD,ATLAS,terra_ecosystem,high
LUNC-USD,LUNC,terra_ecosystem,high
XRUNE-USD,XRUNE,terra_ecosystem,high
ORION-USD,ORION,terra_ecosystem,high
SRM-USD,SRM,terra_ecosystem,high
USTC-USD,USTC,terra_ecosystem,high
UXLINK-USD,UXLINK,toncoin_ecosystem,high
BABYDOGE-USD,BABYDOGE,toncoin_ecosystem,high
GOMINING-USD,GOMINING,toncoin_ecosystem,high
NOT-USD,NOT,toncoin_ecosystem,high
CATI-USD,CATI,toncoin_ecosystem,high
MVL-USD,MVL,toncoin_ecosystem,high
LINK-USD,LINK,metisdao_ecosystem,high
METIS-USD,METIS,metisdao_ecosystem,high
PEAK-USD,PEAK,metisdao_ecosystem,high
HERA-USD,HERA,metisdao_ecosystem,high
PPAD-USD,PPAD,metisdao_ecosystem,high
MAHA-USD,MAHA,x_layer_ecosystem,high
WBTC-USD,WBTC,x_layer_ecosystem,high
LINK-USD,LINK,x_layer_ecosystem,high
QUICK-USD,QUICK,x_layer_ecosystem,high
WETH-USD,WETH,x_layer_ecosystem,high
OKB-USD,OKB,x_layer_ecosystem,high
WOKB-USD,WOKB,x_layer_ecosystem,high
BONK-USD,BONK,injective_ecosystem,high
FET-USD,FET,injective_ecosystem,high
ATOM-USD,ATOM,injective_ecosystem,high
LINK-USD,LINK,injective_ecosystem,high
INJ-USD,INJ,injective_ecosystem,high
RUNE-USD,RUNE,injective_ecosystem,high
CFX-USD,CFX,injective_ecosystem,high
DOGMI-USD,DOGMI,internet_computer_ecosystem,high
ICP-USD,ICP,internet_computer_ecosystem,high
OGY-USD,OGY,internet_computer_ecosystem,high
KINIC-USD,KINIC,internet_computer_ecosystem,high
DMAIL-USD,DMAIL,internet_computer_ecosystem,high
FRAX-USD,FRAX,fantom_ecosystem,high
AAVE-USD,AAVE,fantom_ecosystem,high
SUSHI-USD,SUSHI,fantom_ecosystem,high
CRV-USD,CRV,fantom_ecosystem,high
LINK-USD,LINK,fantom_ecosystem,high
ANKR-USD,ANKR,fantom_ecosystem,high
SNX-USD,SNX,fantom_ecosystem,high
YFI-USD,YFI,fantom_ecosystem,high
XVS-USD,XVS,zksync_era_ecosystem,high
FUL-USD,FUL,zksync_era_ecosystem,high
IZI-USD,IZI,zksync_era_ecosystem,high
LINK-USD,LINK,zksync_era_ecosystem,high
MAV-USD,MAV,zksync_era_ecosystem,high
CAKE-USD,CAKE,zksync_era_ecosystem,high
VNO-USD,VNO,zksync_era_ecosystem,high
TAROT-USD,TAROT,zksync_era_ecosystem,high
DASH-USD,DASH,privacy,high
ZANO-USD,ZANO,privacy,high
MINA-USD,MINA,privacy,high
CELO-USD,CELO,privacy,high
ROSE-USD,ROSE,privacy,high
ALEO-USD,ALEO,privacy,high
BDX-USD,BDX,privacy,high
TRAC-USD,TRAC,privacy,high
ZEC-USD,ZEC,privacy,high
XMR-USD,XMR,privacy,high
DOT-USD,DOT,polkadot_ecosystem,high
ACA-USD,ACA,polkadot_ecosystem,high
LINK-USD,LINK,polkadot_ecosystem,high
PHA-USD,PHA,polkadot_ecosystem,high
MYTH-USD,MYTH,polkadot_ecosystem,high
GLMR-USD,GLMR,polkadot_ecosystem,high
EWT-USD,EWT,polkadot_ecosystem,high
AVAIL-USD,AVAIL,polkadot_ecosystem,high
KSM-USD,KSM,polkadot_ecosystem,high
ATA-USD,ATA,polkadot_ecosystem,high
CELR-USD,CELR,sei_ecosystem,high
CLO-USD,CLO,sei_ecosystem,high
LFW-USD,LFW,sei_ecosystem,high
LINK-USD,LINK,sei_ecosystem,high
SEI-USD,SEI,sei_ecosystem,high
DOT-USD,DOT,optimism_ecosystem,high
WLD-USD,WLD,optimism_ecosystem,high
AAVE-USD,AAVE,optimism_ecosystem,high
LDO-USD,LDO,optimism_ecosystem,high
CRV-USD,CRV,optimism_ecosystem,high
OP-USD,OP,optimism_ecosystem,high
LINK-USD,LINK,optimism_ecosystem,high
W-USD,W,optimism_ecosystem,high
SNX-USD,SNX,optimism_ecosystem,high
ADA-USD,ADA,cardano_ecosystem,high
WMTX-USD,WMTX,cardano_ecosystem,high
LINK-USD,LINK,cardano_ecosystem,high
API3-USD,API3,cardano_ecosystem,high
LMWR-USD,LMWR,cardano_ecosystem,high
IAG-USD,IAG,cardano_ecosystem,high
NEXO-USD,NEXO,cardano_ecosystem,high
CYBRO-USD,CYBRO,blast_ecosystem,high
MAHA-USD,MAHA,blast_ecosystem,high
XPRT-USD,XPRT,blast_ecosystem,high
PSTAKE-USD,PSTAKE,blast_ecosystem,high
LINK-USD,LINK,blast_ecosystem,high
ANKR-USD,ANKR,blast_ecosystem,high
VCNT-USD,VCNT,blast_ecosystem,high
AIPO-USD,AIPO,blast_ecosystem,high
LINK-USD,LINK,sui_ecosystem,high
NAVX-USD,NAVX,sui_ecosystem,high
CETUS-USD,CETUS,sui_ecosystem,high
CELR-USD,CELR,oasis_ecosystem,high
ROSE-USD,ROSE,oasis_ecosystem,high
LINK-USD,LINK,oasis_ecosystem,high
WETH-USD,WETH,oasis_ecosystem,high
USTC-USD,USTC,oasis_ecosystem,high
BONK-USD,BONK,aptos_ecosystem,high
LINK-USD,LINK,aptos_ecosystem,high
CAKE-USD,CAKE,aptos_ecosystem,high
SWEAT-USD,SWEAT,aptos_ecosystem,high
DEFROGS-USD,DEFROGS,hybrid_token_standard,high
BOZO-USD,BOZO,hybrid_token_standard,high
POX-USD,POX,hybrid_token_standard,high
PANDORA-USD,PANDORA,hybrid_token_standard,high
MYST-USD,MYST,hybrid_token_standard,high
KEYCAT-USD,KEYCAT,cat-themed,high
MOG-USD,MOG,cat-themed,high
MIGGLES-USD,MIGGLES,cat-themed,high
WCANTO-USD,WCANTO,canto_ecosystem,high
ATOM-USD,ATOM,canto_ecosystem,high
WETH-USD,WETH,canto_ecosystem,high
DSLA-USD,DSLA,insurance,high
CDT-USD,CDT,insurance,high
HELMET-USD,HELMET,insurance,high
OPIUM-USD,OPIUM,insurance,high
DIP-USD,DIP,insurance,high
SURE-USD,SURE,insurance,high
BMI-USD,BMI,insurance,high
PTF-USD,PTF,insurance,high
AMU-USD,AMU,insurance,high
DASH-USD,DASH,governance,high
ENS-USD,ENS,governance,high
WLD-USD,WLD,governance,high
AAVE-USD,AAVE,governance,high
CRV-USD,CRV,governance,high
CAKE-USD,CAKE,governance,high
W-USD,W,governance,high
SNX-USD,SNX,governance,high
LINK-USD,LINK,linea_ecosystem,high
CAKE-USD,CAKE,linea_ecosystem,high
SIDUS-USD,SIDUS,linea_ecosystem,high
HZN-USD,HZN,synthetics,high
BTS-USD,BTS,synthetics,high
SNY-USD,SNY,synthetics,high
SUSD-USD,SUSD,synthetics,high
JRT-USD,JRT,synthetics,high
UMA-USD,UMA,synthetics,high
SNX-USD,SNX,synthetics,high
PATRIOT-USD,PATRIOT,political_memes,high
TROG-USD,TROG,political_memes,high
PEOPLE-USD,PEOPLE,political_memes,high
PNUT-USD,PNUT,political_memes,high
MOG-USD,MOG,animal_memes,high
BONK-USD,BONK,animal_memes,high
FLOKI-USD,FLOKI,animal_memes,high
SHIB-USD,SHIB,animal_memes,high
CHEEMS-USD,CHEEMS,animal_memes,high
WIF-USD,WIF,animal_memes,high
DOGE-USD,DOGE,animal_memes,high
MOTHER-USD,MOTHER,celebrity_memes,high
LILPUMP-USD,LILPUMP,celebrity_memes,high
DADDY-USD,DADDY,celebrity_memes,high
CKB-USD,CKB,modular_blockchain,high
LRC-USD,LRC,modular_blockchain,high
STRK-USD,STRK,modular_blockchain,high
ARB-USD,ARB,modular_blockchain,high
METIS-USD,METIS,modular_blockchain,high
NEAR-USD,NEAR,modular_blockchain,high
ASTR-USD,ASTR,modular_blockchain,high
BONK-USD,BONK,doggone_doggerel,high
FLOKI-USD,FLOKI,doggone_doggerel,high
BABYDOGE-USD,BABYDOGE,doggone_doggerel,high
NEIRO-USD,NEIRO,doggone_doggerel,high
SHIB-USD,SHIB,doggone_doggerel,high
CHEEMS-USD,CHEEMS,doggone_doggerel,high
WIF-USD,WIF,doggone_doggerel,high
DOGE-USD,DOGE,doggone_doggerel,high
FLOKI-USD,FLOKI,play_to_earn,high
WEMIX-USD,WEMIX,play_to_earn,high
BEAM-USD,BEAM,play_to_earn,high
SKL-USD,SKL,play_to_earn,high
GALA-USD,GALA,play_to_earn,high
YGG-USD,YGG,play_to_earn,high
XYO-USD,XYO,play_to_earn,high
AXS-USD,AXS,play_to_earn,high
SAND-USD,SAND,play_to_earn,high
MANA-USD,MANA,play_to_earn,high
XVS-USD,XVS,binance_launchpool,high
ETHFI-USD,ETHFI,binance_launchpool,high
BEAM-USD,BEAM,binance_launchpool,high
NOT-USD,NOT,binance_launchpool,high
CGPT-USD,CGPT,ai_applications,high
VR-USD,VR,ai_applications,high
CLANKER-USD,CLANKER,ai_applications,high
BICO-USD,BICO,mvb,high
ID-USD,ID,mvb,high
IDIA-USD,IDIA,mvb,high
RACA-USD,RACA,mvb,high
WOO-USD,WOO,mvb,high
ARKM-USD,ARKM,analytics,high
DEXT-USD,DEXT,analytics,high
FOX-USD,FOX,analytics,high
DOBO-USD,DOBO,analytics,high
BTT-USD,BTT,binance_launchpad,high
KAVA-USD,KAVA,binance_launchpad,high
FET-USD,FET,binance_launchpad,high
ID-USD,ID,binance_launchpad,high
SFP-USD,SFP,binance_launchpad,high
INJ-USD,INJ,binance_launchpad,high
EGLD-USD,EGLD,binance_launchpad,high
AXS-USD,AXS,binance_launchpad,high
SAND-USD,SAND,binance_launchpad,high
LUMIA-USD,LUMIA,data_availability,high
NEAR-USD,NEAR,data_availability,high
PHA-USD,PHA,data_availability,high
SYS-USD,SYS,data_availability,high
LMR-USD,LMR,data_availability,high
KYVE-USD,KYVE,data_availability,high
BTT-USD,BTT,interoperability,high
CKB-USD,CKB,interoperability,high
ATOM-USD,ATOM,interoperability,high
BAT-USD,BAT,interoperability,high
QNT-USD,QNT,interoperability,high
LINK-USD,LINK,interoperability,high
W-USD,W,interoperability,high
TRAC-USD,TRAC,interoperability,high
STEP-USD,STEP,move_to_earn,high
WLKN-USD,WLKN,move_to_earn,high
MOOV-USD,MOOV,move_to_earn,high
FITFI-USD,FITFI,move_to_earn,high
DOSE-USD,DOSE,move_to_earn,high
DEFIT-USD,DEFIT,move_to_earn,high
SWEAT-USD,SWEAT,move_to_earn,high
TROLL-USD,TROLL,ip_memes,high
KEYCAT-USD,KEYCAT,ip_memes,high
NEIRO-USD,NEIRO,ip_memes,high
PONKE-USD,PONKE,ip_memes,high
PRO-USD,PRO,tokenized_real_estate,high
EL-USD,EL,tokenized_real_estate,high
LAND-USD,LAND,tokenized_real_estate,high
BST-USD,BST,tokenized_real_estate,high
PRCL-USD,PRCL,tokenized_real_estate,high
WLD-USD,WLD,zero_knowledge_proofs,high
CELO-USD,CELO,zero_knowledge_proofs,high
STRK-USD,STRK,zero_knowledge_proofs,high
ZEN-USD,ZEN,zero_knowledge_proofs,high
ALEO-USD,ALEO,zero_knowledge_proofs,high
ZEC-USD,ZEC,zero_knowledge_proofs,high
BTT-USD,BTT,storage,high
SC-USD,SC,storage,high
STORJ-USD,STORJ,storage,high
SKL-USD,SKL,storage,high
AIOZ-USD,AIOZ,storage,high
RLC-USD,RLC,storage,high
FIL-USD,FIL,storage,high
AR-USD,AR,storage,high
GT-USD,GT,made_in_china,high
KCS-USD,KCS,made_in_china,high
BGB-USD,BGB,made_in_china,high
TRX-USD,TRX,made_in_china,high
VET-USD,VET,made_in_china,high
OKB-USD,OKB,made_in_china,high
CFX-USD,CFX,made_in_china,high
BNB-USD,BNB,made_in_china,high
RIF-USD,RIF,desci,high
DNX-USD,DNX,desci,high
TRAC-USD,TRAC,desci,high
GALEON-USD,GALEON,desci,high
GMM-USD,GMM,dao_maker,high
ALICE-USD,ALICE,dao_maker,high
LTO-USD,LTO,dao_maker,high
CERE-USD,CERE,dao_maker,high
FITFI-USD,FITFI,dao_maker,high
VAI-USD,VAI,dao_maker,high
RWA-USD,RWA,dao_maker,high
NUM-USD,NUM,dao_maker,high
DAO-USD,DAO,dao_maker,high
AVG-USD,AVG,gaming_guild,high
CLEG-USD,CLEG,gaming_guild,high
BEAM-USD,BEAM,gaming_guild,high
BIGTIME-USD,BIGTIME,gaming_guild,high
YGG-USD,YGG,gaming_guild,high
SHFL-USD,SHFL,gambling,high
SBET-USD,SBET,gambling,high
XED-USD,XED,gambling,high
BFG-USD,BFG,gambling,high
SOLAMA-USD,SOLAMA,gambling,high
RLB-USD,RLB,gambling,high
CGPT-USD,CGPT,defai,high
OLAS-USD,OLAS,defai,high
AITECH-USD,AITECH,defai,high
AIXBT-USD,AIXBT,defai,high
PAAL-USD,PAAL,defai,high
TROLL-USD,TROLL,pump_fun_ecosystem,high
MOODENG-USD,MOODENG,pump_fun_ecosystem,high
FARTCOIN-USD,FARTCOIN,pump_fun_ecosystem,high
BAN-USD,BAN,pump_fun_ecosystem,high
PNUT-USD,PNUT,pump_fun_ecosystem,high
LOBO-USD,LOBO,runes,high
RUNECOIN-USD,RUNECOIN,runes,high
WAM-USD,WAM,runes,high
CGPT-USD,CGPT,telegram_bot,high
SPECTRE-USD,SPECTRE,telegram_bot,high
NOT-USD,NOT,telegram_bot,high
PAAL-USD,PAAL,telegram_bot,high
PSG-USD,PSG,sports,high
BAR-USD,BAR,sports,high
JUV-USD,JUV,sports,high
SWEAT-USD,SWEAT,sports,high
OG-USD,OG,sports,high
GAL-USD,GAL,sports,high
CHZ-USD,CHZ,sports,high
PORTO-USD,PORTO,sports,high
ASR-USD,ASR,sports,high
PSG-USD,PSG,fan_token,high
BAR-USD,BAR,fan_token,high
JUV-USD,JUV,fan_token,high
OG-USD,OG,fan_token,high
LAZIO-USD,LAZIO,fan_token,high
GAL-USD,GAL,fan_token,high
PORTO-USD,PORTO,fan_token,high
ALPINE-USD,ALPINE,fan_token,high
ASR-USD,ASR,fan_token,high
SANTOS-USD,SANTOS,fan_token,high
AIKEK-USD,AIKEK,x402_ecosystem,high
EIGEN-USD,EIGEN,x402_ecosystem,high
ADX-USD,ADX,x402_ecosystem,high
DIONE-USD,DIONE,energy,high
EVDC-USD,EVDC,energy,high
WOZX-USD,WOZX,energy,high
POWR-USD,POWR,energy,high
EWT-USD,EWT,energy,high
SNC-USD,SNC,energy,high
BABYDOGE-USD,BABYDOGE,marketing,high
BAT-USD,BAT,marketing,high
RLC-USD,RLC,marketing,high
ADS-USD,ADS,marketing,high
ADX-USD,ADX,marketing,high
BADGER-USD,BADGER,yield_aggregator,high
CVX-USD,CVX,yield_aggregator,high
SFI-USD,SFI,yield_aggregator,high
INV-USD,INV,yield_aggregator,high
BEL-USD,BEL,yield_aggregator,high
FARM-USD,FARM,yield_aggregator,high
YFI-USD,YFI,yield_aggregator,high
WLD-USD,WLD,identity,high
CVC-USD,CVC,identity,high
ONT-USD,ONT,identity,high
EGLD-USD,EGLD,identity,high
CCD-USD,CCD,identity,high
LUMIA-USD,LUMIA,intent,high
PSP-USD,PSP,intent,high
SLF-USD,SLF,intent,high
BCUT-USD,BCUT,polygon_ventures_portfolio,high
SALD-USD,SALD,polygon_ventures_portfolio,high
SOULS-USD,SOULS,polygon_ventures_portfolio,high
TFUEL-USD,TFUEL,sharing_economy,high
POWR-USD,POWR,sharing_economy,high
VEMP-USD,VEMP,sharing_economy,high
LMWR-USD,LMWR,sharing_economy,high
THETA-USD,THETA,sharing_economy,high
LNQ-USD,LNQ,sharing_economy,high
EURT-USD,EURT,eur_stablecoin,high
EURQ-USD,EURQ,eur_stablecoin,high
EURC-USD,EURC,eur_stablecoin,high
EURS-USD,EURS,eur_stablecoin,high
AEUR-USD,AEUR,eur_stablecoin,high
EURCV-USD,EURCV,eur_stablecoin,high
CEUR-USD,CEUR,eur_stablecoin,high
EURI-USD,EURI,eur_stablecoin,high
VEUR-USD,VEUR,eur_stablecoin,high
USDT-USD,USDT,usd_stablecoin,high
DAI-USD,DAI,usd_stablecoin,high
FDUSD-USD,FDUSD,usd_stablecoin,high
PYUSD-USD,PYUSD,usd_stablecoin,high
USDD-USD,USDD,usd_stablecoin,high
TUSD-USD,TUSD,usd_stablecoin,high
USDC-USD,USDC,usd_stablecoin,high
SRX-USD,SRX,xdc_ecosystem,high
CGO-USD,CGO,xdc_ecosystem,high
LBT-USD,LBT,xdc_ecosystem,high
XDC-USD,XDC,xdc_ecosystem,high
PLI-USD,PLI,xdc_ecosystem,high
USDC-USD,USDC,xdc_ecosystem,high
BABYDOGE-USD,BABYDOGE,entertainment,high
TFUEL-USD,TFUEL,entertainment,high
YGG-USD,YGG,entertainment,high
VRA-USD,VRA,entertainment,high
WAXP-USD,WAXP,entertainment,high
THETA-USD,THETA,entertainment,high
RLY-USD,RLY,social_money,high
FWB-USD,FWB,social_money,high
DMAIL-USD,DMAIL,social_money,high
WHALE-USD,WHALE,social_money,high
ADA-USD,ADA,binance_ecosystem,high
SOL-USD,SOL,binance_ecosystem,high
USDT-USD,USDT,binance_ecosystem,high
ETH-USD,ETH,binance_ecosystem,high
TRX-USD,TRX,binance_ecosystem,high
BTC-USD,BTC,binance_ecosystem,high
XRP-USD,XRP,binance_ecosystem,high
USDC-USD,USDC,binance_ecosystem,high
BNB-USD,BNB,binance_ecosystem,high
DOGE-USD,DOGE,binance_ecosystem,high
FOC-USD,FOC,launchzone,high
MOWA-USD,MOWA,launchzone,high
NINO-USD,NINO,launchzone,high
BCOIN-USD,BCOIN,launchzone,high
BABYDOGE-USD,BABYDOGE,launchpad,high
CGPT-USD,CGPT,launchpad,high
AITECH-USD,AITECH,launchpad,high
KDA-USD,KDA,launchpad,high
IDIA-USD,IDIA,launchpad,high
DASH-USD,DASH,masternodes,high
PIVX-USD,PIVX,masternodes,high
ZEN-USD,ZEN,masternodes,high
LUMIA-USD,LUMIA,masternodes,high
XDC-USD,XDC,masternodes,high
BDX-USD,BDX,masternodes,high
SYS-USD,SYS,masternodes,high
FIRO-USD,FIRO,masternodes,high
FLUX-USD,FLUX,masternodes,high
RETARDIO-USD,RETARDIO,cmc_community_vote_winners,high
MIGGLES-USD,MIGGLES,cmc_community_vote_winners,high
HEGE-USD,HEGE,cmc_community_vote_winners,high
DOT-USD,DOT,spartan_group,high
BAND-USD,BAND,spartan_group,high
1INCH-USD,1INCH,spartan_group,high
BEAM-USD,BEAM,spartan_group,high
SNX-USD,SNX,spartan_group,high
PENDLE-USD,PENDLE,spartan_group,high
BTC-USD,BTC,galaxy_digital_portfolio,high
XRP-USD,XRP,galaxy_digital_portfolio,high
SKL-USD,SKL,galaxy_digital_portfolio,high
MYTH-USD,MYTH,galaxy_digital_portfolio,high
XMR-USD,XMR,galaxy_digital_portfolio,high
VLXPAD-USD,VLXPAD,velas_ecosystem,high
WBTC-USD,WBTC,velas_ecosystem,high
WADA-USD,WADA,velas_ecosystem,high
PLSPAD-USD,PLSPAD,velas_ecosystem,high
TDX-USD,TDX,velas_ecosystem,high
SCAR-USD,SCAR,velas_ecosystem,high
WAG-USD,WAG,velas_ecosystem,high
METAV-USD,METAV,velas_ecosystem,high
UFARM-USD,UFARM,duckstarter,high
PKF-USD,PKF,duckstarter,high
RVF-USD,RVF,duckstarter,high
COOK-USD,COOK,duckstarter,high
RAM-USD,RAM,duckstarter,high
BYN-USD,BYN,duckstarter,high
BABYDOGE-USD,BABYDOGE,content_creation,high
SNT-USD,SNT,content_creation,high
TFUEL-USD,TFUEL,content_creation,high
ATOM-USD,ATOM,content_creation,high
BAT-USD,BAT,content_creation,high
ZEN-USD,ZEN,content_creation,high
CHZ-USD,CHZ,content_creation,high
SAND-USD,SAND,content_creation,high
THETA-USD,THETA,content_creation,high
ETH-USD,ETH,coinbase_ventures_portfolio,high
BTC-USD,BTC,coinbase_ventures_portfolio,high
SEI-USD,SEI,coinbase_ventures_portfolio,high
NEAR-USD,NEAR,coinbase_ventures_portfolio,high
FLOW-USD,FLOW,coinbase_ventures_portfolio,high
USDC-USD,USDC,coinbase_ventures_portfolio,high
BABYDOGE-USD,BABYDOGE,media,high
SNT-USD,SNT,media,high
TRX-USD,TRX,media,high
TFUEL-USD,TFUEL,media,high
HIVE-USD,HIVE,media,high
LPT-USD,LPT,media,high
AIOZ-USD,AIOZ,media,high
ENJ-USD,ENJ,media,high
THETA-USD,THETA,media,high
RENDER-USD,RENDER,media,high
BEM-USD,BEM,moon_knight_labs,high
HERA-USD,HERA,moon_knight_labs,high
ELMON-USD,ELMON,moon_knight_labs,high
DASH-USD,DASH,dao,high
ENS-USD,ENS,dao,high
AAVE-USD,AAVE,dao,high
LDO-USD,LDO,dao,high
CRV-USD,CRV,dao,high
ARB-USD,ARB,dao,high
DEXE-USD,DEXE,dao,high
DOT-USD,DOT,arrington_xrp_capital_portfolio,high
KAVA-USD,KAVA,arrington_xrp_capital_portfolio,high
XRP-USD,XRP,arrington_xrp_capital_portfolio,high
LUNC-USD,LUNC,arrington_xrp_capital_portfolio,high
NEAR-USD,NEAR,arrington_xrp_capital_portfolio,high
W-USD,W,arrington_xrp_capital_portfolio,high
AR-USD,AR,arrington_xrp_capital_portfolio,high
ALGO-USD,ALGO,arrington_xrp_capital_portfolio,high
BTT-USD,BTT,tron_ecosystem,high
SUNDOG-USD,SUNDOG,tron_ecosystem,high
JST-USD,JST,tron_ecosystem,high
TRX-USD,TRX,tron_ecosystem,high
LINK-USD,LINK,tron_ecosystem,high
SUN-USD,SUN,tron_ecosystem,high
MDT-USD,MDT,tron_ecosystem,high
GMCOIN-USD,GMCOIN,tron_ecosystem,high
WIN-USD,WIN,tron_ecosystem,high
ETH-USD,ETH,dcg_portfolio,high
BTC-USD,BTC,dcg_portfolio,high
MANA-USD,MANA,dcg_portfolio,high
FIL-USD,FIL,dcg_portfolio,high
ZEC-USD,ZEC,dcg_portfolio,high
ETC-USD,ETC,dcg_portfolio,high
HBAR-USD,HBAR,dcg_portfolio,high
DOT-USD,DOT,pantera_capital_portfolio,high
AAVE-USD,AAVE,pantera_capital_portfolio,high
ETH-USD,ETH,pantera_capital_portfolio,high
BTC-USD,BTC,pantera_capital_portfolio,high
XRP-USD,XRP,pantera_capital_portfolio,high
ARB-USD,ARB,pantera_capital_portfolio,high
FIL-USD,FIL,pantera_capital_portfolio,high
ZEC-USD,ZEC,pantera_capital_portfolio,high
VNXAU-USD,VNXAU,tezos_ecosystem,high
XTZ-USD,XTZ,tezos_ecosystem,high
DOGA-USD,DOGA,tezos_ecosystem,high
CNDY-USD,CNDY,tezos_ecosystem,high
WLD-USD,WLD,a16z_portfolio,high
ICP-USD,ICP,a16z_portfolio,high
ETH-USD,ETH,a16z_portfolio,high
BTC-USD,BTC,a16z_portfolio,high
XRP-USD,XRP,a16z_portfolio,high
FIL-USD,FIL,a16z_portfolio,high
FLOW-USD,FLOW,a16z_portfolio,high
DOT-USD,DOT,three_arrows_capital_portfolio,high
AAVE-USD,AAVE,three_arrows_capital_portfolio,high
LDO-USD,LDO,three_arrows_capital_portfolio,high
ETH-USD,ETH,three_arrows_capital_portfolio,high
BTC-USD,BTC,three_arrows_capital_portfolio,high
AVAX-USD,AVAX,three_arrows_capital_portfolio,high
NEAR-USD,NEAR,three_arrows_capital_portfolio,high
SNX-USD,SNX,three_arrows_capital_portfolio,high
DOT-USD,DOT,boostvc_portfolio,high
ETH-USD,ETH,boostvc_portfolio,high
BTC-USD,BTC,boostvc_portfolio,high
SKL-USD,SKL,boostvc_portfolio,high
XTZ-USD,XTZ,boostvc_portfolio,high
FIL-USD,FIL,boostvc_portfolio,high
ZRX-USD,ZRX,boostvc_portfolio,high
ZEC-USD,ZEC,boostvc_portfolio,high
MANA-USD,MANA,boostvc_portfolio,high
XMR-USD,XMR,boostvc_portfolio,high
DOT-USD,DOT,blockchain_capital_portfolio,high
AAVE-USD,AAVE,blockchain_capital_portfolio,high
WLD-USD,WLD,blockchain_capital_portfolio,high
ETH-USD,ETH,blockchain_capital_portfolio,high
BTC-USD,BTC,blockchain_capital_portfolio,high
FIL-USD,FIL,blockchain_capital_portfolio,high
AR-USD,AR,blockchain_capital_portfolio,high
AAVE-USD,AAVE,framework_ventures_portfolio,high
KAVA-USD,KAVA,framework_ventures_portfolio,high
ETH-USD,ETH,framework_ventures_portfolio,high
CRV-USD,CRV,framework_ventures_portfolio,high
BTC-USD,BTC,framework_ventures_portfolio,high
LINK-USD,LINK,framework_ventures_portfolio,high
SYRUP-USD,SYRUP,framework_ventures_portfolio,high
SNX-USD,SNX,framework_ventures_portfolio,high
YFI-USD,YFI,framework_ventures_portfolio,high
1INCH-USD,1INCH,dragonfly_capital_portfolio,high
ETH-USD,ETH,dragonfly_capital_portfolio,high
ATOM-USD,ATOM,dragonfly_capital_portfolio,high
BTC-USD,BTC,dragonfly_capital_portfolio,high
AVAX-USD,AVAX,dragonfly_capital_portfolio,high
DOT-USD,DOT,placeholder_ventures_portfolio,high
ETH-USD,ETH,placeholder_ventures_portfolio,high
BTC-USD,BTC,placeholder_ventures_portfolio,high
NMR-USD,NMR,placeholder_ventures_portfolio,high
BAL-USD,BAL,placeholder_ventures_portfolio,high
ZRX-USD,ZRX,placeholder_ventures_portfolio,high
UMA-USD,UMA,placeholder_ventures_portfolio,high
ZEC-USD,ZEC,placeholder_ventures_portfolio,high
DCR-USD,DCR,placeholder_ventures_portfolio,high
LDO-USD,LDO,paradigm_portfolio,high
ETH-USD,ETH,paradigm_portfolio,high
ATOM-USD,ATOM,paradigm_portfolio,high
BTC-USD,BTC,paradigm_portfolio,high
SC-USD,SC,paradigm_portfolio,high
SNX-USD,SNX,paradigm_portfolio,high
EUL-USD,EUL,paradigm_portfolio,high
ROSE-USD,ROSE,winklevoss_capital_portfolio,high
ETH-USD,ETH,winklevoss_capital_portfolio,high
BTC-USD,BTC,winklevoss_capital_portfolio,high
XTZ-USD,XTZ,winklevoss_capital_portfolio,high
FIL-USD,FIL,winklevoss_capital_portfolio,high
ZEC-USD,ZEC,winklevoss_capital_portfolio,high
CKB-USD,CKB,1confirmation_portfolio,high
DOT-USD,DOT,1confirmation_portfolio,high
ETH-USD,ETH,1confirmation_portfolio,high
ATOM-USD,ATOM,1confirmation_portfolio,high
BTC-USD,BTC,1confirmation_portfolio,high
BAT-USD,BAT,1confirmation_portfolio,high
REP-USD,REP,1confirmation_portfolio,high
STRD-USD,STRD,1confirmation_portfolio,high
KSM-USD,KSM,1confirmation_portfolio,high
DOT-USD,DOT,fabric_ventures_portfolio,high
1INCH-USD,1INCH,fabric_ventures_portfolio,high
ETH-USD,ETH,fabric_ventures_portfolio,high
BTC-USD,BTC,fabric_ventures_portfolio,high
KEEP-USD,KEEP,fabric_ventures_portfolio,high
NEAR-USD,NEAR,fabric_ventures_portfolio,high
ZRX-USD,ZRX,fabric_ventures_portfolio,high
MANA-USD,MANA,fabric_ventures_portfolio,high
HNT-USD,HNT,usv_portfolio,high
ETH-USD,ETH,usv_portfolio,high
BTC-USD,BTC,usv_portfolio,high
NMR-USD,NMR,usv_portfolio,high
ALGO-USD,ALGO,usv_portfolio,high
CKB-USD,CKB,huobi_capital_portfolio,high
ETH-USD,ETH,huobi_capital_portfolio,high
ROSE-USD,ROSE,huobi_capital_portfolio,high
BTC-USD,BTC,huobi_capital_portfolio,high
ONT-USD,ONT,huobi_capital_portfolio,high
LUNC-USD,LUNC,huobi_capital_portfolio,high
IOST-USD,IOST,huobi_capital_portfolio,high
THETA-USD,THETA,huobi_capital_portfolio,high
CFX-USD,CFX,huobi_capital_portfolio,high
CKB-USD,CKB,cms_holdings_portfolio,high
FTT-USD,FTT,cms_holdings_portfolio,high
DOT-USD,DOT,cms_holdings_portfolio,high
SOL-USD,SOL,cms_holdings_portfolio,high
ETH-USD,ETH,cms_holdings_portfolio,high
BTC-USD,BTC,cms_holdings_portfolio,high
AVAX-USD,AVAX,cms_holdings_portfolio,high
INJ-USD,INJ,cms_holdings_portfolio,high
KSM-USD,KSM,cms_holdings_portfolio,high
DOT-USD,DOT,polychain_capital_portfolio,high
ICP-USD,ICP,polychain_capital_portfolio,high
ETH-USD,ETH,polychain_capital_portfolio,high
ATOM-USD,ATOM,polychain_capital_portfolio,high
BTC-USD,BTC,polychain_capital_portfolio,high
ARB-USD,ARB,polychain_capital_portfolio,high
AVAX-USD,AVAX,polychain_capital_portfolio,high
KAS-USD,KAS,polychain_capital_portfolio,high
AAVE-USD,AAVE,alameda_research_portfolio,high
SOL-USD,SOL,alameda_research_portfolio,high
ETH-USD,ETH,alameda_research_portfolio,high
BTC-USD,BTC,alameda_research_portfolio,high
LEO-USD,LEO,alameda_research_portfolio,high
OKB-USD,OKB,alameda_research_portfolio,high
BNB-USD,BNB,alameda_research_portfolio,high
RENDER-USD,RENDER,alameda_research_portfolio,high
DOT-USD,DOT,coinfund_portfolio,high
LPT-USD,LPT,coinfund_portfolio,high
NMR-USD,NMR,coinfund_portfolio,high
NEAR-USD,NEAR,coinfund_portfolio,high
API3-USD,API3,coinfund_portfolio,high
FLOW-USD,FLOW,coinfund_portfolio,high
BAL-USD,BAL,coinfund_portfolio,high
KDA-USD,KDA,coinfund_portfolio,high
FRM-USD,FRM,ferrum_network,high
NETVR-USD,NETVR,ferrum_network,high
RPG-USD,RPG,ferrum_network,high
POOLX-USD,POOLX,ferrum_network,high
BONDLY-USD,BONDLY,ferrum_network,high
RVF-USD,RVF,ferrum_network,high
DEFIT-USD,DEFIT,ferrum_network,high
SOL-USD,SOL,multicoin_capital_portfolio,high
ICP-USD,ICP,multicoin_capital_portfolio,high
ETH-USD,ETH,multicoin_capital_portfolio,high
BTC-USD,BTC,multicoin_capital_portfolio,high
SEI-USD,SEI,multicoin_capital_portfolio,high
ALGO-USD,ALGO,multicoin_capital_portfolio,high
BNB-USD,BNB,multicoin_capital_portfolio,high
RENDER-USD,RENDER,multicoin_capital_portfolio,high
SOL-USD,SOL,okx_ventures_portfolio,high
CSPR-USD,CSPR,okx_ventures_portfolio,high
YGG-USD,YGG,okx_ventures_portfolio,high
ASTR-USD,ASTR,okx_ventures_portfolio,high
ENA-USD,ENA,okx_ventures_portfolio,high
PPT-USD,PPT,logistics,high
VET-USD,VET,logistics,high
BLY-USD,BLY,logistics,high
XYO-USD,XYO,logistics,high
MNW-USD,MNW,logistics,high
XEP-USD,XEP,logistics,high
GEEQ-USD,GEEQ,logistics,high
TRAC-USD,TRAC,logistics,high
TONE-USD,TONE,logistics,high
FRAX-USD,FRAX,yield_farming,high
AAVE-USD,AAVE,yield_farming,high
SUSHI-USD,SUSHI,yield_farming,high
CRV-USD,CRV,yield_farming,high
CAKE-USD,CAKE,yield_farming,high
SNX-USD,SNX,yield_farming,high
YFI-USD,YFI,yield_farming,high
UTK-USD,UTK,multiversx_ecosystem,high
HTM-USD,HTM,multiversx_ecosystem,high
EMR-USD,EMR,multiversx_ecosystem,high
CRU-USD,CRU,multiversx_ecosystem,high
WAM-USD,WAM,multiversx_ecosystem,high
ITHEUM-USD,ITHEUM,multiversx_ecosystem,high
TADA-USD,TADA,multiversx_ecosystem,high
FOXSY-USD,FOXSY,multiversx_ecosystem,high
EGLD-USD,EGLD,multiversx_ecosystem,high
RIDE-USD,RIDE,multiversx_ecosystem,high
FTT-USD,FTT,kenetic_capital_portfolio,high
DOT-USD,DOT,kenetic_capital_portfolio,high
SOL-USD,SOL,kenetic_capital_portfolio,high
ETH-USD,ETH,kenetic_capital_portfolio,high
GNO-USD,GNO,kenetic_capital_portfolio,high
LUNC-USD,LUNC,kenetic_capital_portfolio,high
NEAR-USD,NEAR,kenetic_capital_portfolio,high
LEO-USD,LEO,kenetic_capital_portfolio,high
ALGO-USD,ALGO,kenetic_capital_portfolio,high
MANA-USD,MANA,kenetic_capital_portfolio,high
SDAO-USD,SDAO,poolz_finance_portfolio,high
DHV-USD,DHV,poolz_finance_portfolio,high
GAINS-USD,GAINS,poolz_finance_portfolio,high
HAPI-USD,HAPI,poolz_finance_portfolio,high
PRARE-USD,PRARE,poolz_finance_portfolio,high
HGPT-USD,HGPT,poolz_finance_portfolio,high
RAGE-USD,RAGE,poolz_finance_portfolio,high
PCNT-USD,PCNT,poolz_finance_portfolio,high
COOK-USD,COOK,poolz_finance_portfolio,high
LITH-USD,LITH,petrock_capital_portfolio,high
ATLAS-USD,ATLAS,petrock_capital_portfolio,high
AZERO-USD,AZERO,petrock_capital_portfolio,high
SLIM-USD,SLIM,petrock_capital_portfolio,high
RAY-USD,RAY,petrock_capital_portfolio,high
POLIS-USD,POLIS,petrock_capital_portfolio,high
STEP-USD,STEP,petrock_capital_portfolio,high
BABYDOGE-USD,BABYDOGE,loyalty,high
GFT-USD,GFT,loyalty,high
DONUT-USD,DONUT,loyalty,high
ZBU-USD,ZBU,loyalty,high
EGLD-USD,EGLD,loyalty,high
BIST-USD,BIST,loyalty,high
STMX-USD,STMX,loyalty,high
AVT-USD,AVT,loyalty,high
GALAXIS-USD,GALAXIS,loyalty,high
WEETH-USD,WEETH,wrapped_tokens,high
WBTC-USD,WBTC,wrapped_tokens,high
WBNB-USD,WBNB,wrapped_tokens,high
WRSETH-USD,WRSETH,wrapped_tokens,high
WETH-USD,WETH,wrapped_tokens,high
WCHZ-USD,WCHZ,wrapped_tokens,high
WNXM-USD,WNXM,wrapped_tokens,high
JUP-USD,JUP,amm,high
XPR-USD,XPR,amm,high
1INCH-USD,1INCH,amm,high
SUSHI-USD,SUSHI,amm,high
CRV-USD,CRV,amm,high
RAY-USD,RAY,amm,high
CAKE-USD,CAKE,amm,high
DSLA-USD,DSLA,harmony_ecosystem,high
SUSHI-USD,SUSHI,harmony_ecosystem,high
ORBS-USD,ORBS,harmony_ecosystem,high
LPT-USD,LPT,harmony_ecosystem,high
YGG-USD,YGG,harmony_ecosystem,high
JEWEL-USD,JEWEL,harmony_ecosystem,high
AXS-USD,AXS,harmony_ecosystem,high
USTC-USD,USTC,harmony_ecosystem,high
ONE-USD,ONE,harmony_ecosystem,high
WBTC-USD,WBTC,moonriver_ecosystem,high
WETH-USD,WETH,moonriver_ecosystem,high
MOVR-USD,MOVR,moonriver_ecosystem,high
IDIA-USD,IDIA,moonriver_ecosystem,high
BEPRO-USD,BEPRO,moonriver_ecosystem,high
EVER-USD,EVER,everscale_ecosystem,high
WBTC-USD,WBTC,everscale_ecosystem,high
WEVER-USD,WEVER,everscale_ecosystem,high
WETH-USD,WETH,everscale_ecosystem,high
AZY-USD,AZY,everscale_ecosystem,high
STND-USD,STND,rebase,high
AMPL-USD,AMPL,rebase,high
ESD-USD,ESD,rebase,high
SHARE-USD,SHARE,rebase,high
BAC-USD,BAC,rebase,high
RAM-USD,RAM,rebase,high
XLM-USD,XLM,hashkey_capital_portfolio,high
DOT-USD,DOT,hashkey_capital_portfolio,high
ICP-USD,ICP,hashkey_capital_portfolio,high
ETH-USD,ETH,hashkey_capital_portfolio,high
ATOM-USD,ATOM,hashkey_capital_portfolio,high
LUNC-USD,LUNC,hashkey_capital_portfolio,high
FIL-USD,FIL,hashkey_capital_portfolio,high
ZEC-USD,ZEC,hashkey_capital_portfolio,high
ELMON-USD,ELMON,e-commerce,high
BRG-USD,BRG,e-commerce,high
UQC-USD,UQC,e-commerce,high
OMAX-USD,OMAX,e-commerce,high
BIST-USD,BIST,e-commerce,high
BOSON-USD,BOSON,e-commerce,high
CRP-USD,CRP,e-commerce,high
PART-USD,PART,e-commerce,high
MBD-USD,MBD,e-commerce,high
ELON-USD,ELON,cronos_ecosystem,high
TONIC-USD,TONIC,cronos_ecosystem,high
VVS-USD,VVS,cronos_ecosystem,high
FUL-USD,FUL,cronos_ecosystem,high
ATOM-USD,ATOM,cronos_ecosystem,high
LINK-USD,LINK,cronos_ecosystem,high
CAW-USD,CAW,cronos_ecosystem,high
VNO-USD,VNO,cronos_ecosystem,high
UTK-USD,UTK,cybersecurity,high
CDT-USD,CDT,cybersecurity,high
HAPI-USD,HAPI,cybersecurity,high
BLOCX-USD,BLOCX,cybersecurity,high
SDM-USD,SDM,cybersecurity,high
NCT-USD,NCT,cybersecurity,high
HAI-USD,HAI,cybersecurity,high
DOT-USD,DOT,heco_ecosystem,high
AAVE-USD,AAVE,heco_ecosystem,high
ELA-USD,ELA,heco_ecosystem,high
ONE-USD,ONE,heco_ecosystem,high
BAL-USD,BAL,heco_ecosystem,high
SNX-USD,SNX,heco_ecosystem,high
YFI-USD,YFI,heco_ecosystem,high
FTT-USD,FTT,celsius_bankruptcy_estate,high
1INCH-USD,1INCH,celsius_bankruptcy_estate,high
ZRX-USD,ZRX,celsius_bankruptcy_estate,high
SNX-USD,SNX,celsius_bankruptcy_estate,high
BNB-USD,BNB,celsius_bankruptcy_estate,high
CKB-USD,CKB,research,high
ERG-USD,ERG,research,high
ARKM-USD,ARKM,research,high
ADA-USD,ADA,research,high
CGPT-USD,CGPT,research,high
RLC-USD,RLC,research,high
NMR-USD,NMR,research,high
ALGO-USD,ALGO,research,high
CFX-USD,CFX,research,high
SUSHI-USD,SUSHI,yearn_partnerships,high
CREAM-USD,CREAM,yearn_partnerships,high
CVP-USD,CVP,yearn_partnerships,high
KP3R-USD,KP3R,yearn_partnerships,high
PICKLE-USD,PICKLE,yearn_partnerships,high
YFI-USD,YFI,yearn_partnerships,high
AAVE-USD,AAVE,parafi_capital,high
1INCH-USD,1INCH,parafi_capital,high
KEEP-USD,KEEP,parafi_capital,high
BETA-USD,BETA,parafi_capital,high
SNX-USD,SNX,parafi_capital,high
KNC-USD,KNC,parafi_capital,high
RAMP-USD,RAMP,parafi_capital,high
YFI-USD,YFI,parafi_capital,high
OSMO-USD,OSMO,osmosis_ecosystem,high
DOT-USD,DOT,osmosis_ecosystem,high
FET-USD,FET,osmosis_ecosystem,high
ATOM-USD,ATOM,osmosis_ecosystem,high
AKT-USD,AKT,osmosis_ecosystem,high
LUNC-USD,LUNC,osmosis_ecosystem,high
ARB-USD,ARB,osmosis_ecosystem,high
DOGE-USD,DOGE,osmosis_ecosystem,high
MAHA-USD,MAHA,polkastarter,high
WILD-USD,WILD,polkastarter,high
SHFT-USD,SHFT,polkastarter,high
PUSH-USD,PUSH,polkastarter,high
XED-USD,XED,polkastarter,high
CERE-USD,CERE,polkastarter,high
STOS-USD,STOS,polkastarter,high
PAID-USD,PAID,polkastarter,high
POLK-USD,POLK,polkastarter,high
CELO-USD,CELO,celo_ecosystem,high
OLAS-USD,OLAS,celo_ecosystem,high
SUSHI-USD,SUSHI,celo_ecosystem,high
JMPT-USD,JMPT,celo_ecosystem,high
CUSD-USD,CUSD,celo_ecosystem,high
C98-USD,C98,celo_ecosystem,high
CEUR-USD,CEUR,celo_ecosystem,high
NSFW-USD,NSFW,celo_ecosystem,high
SWEAT-USD,SWEAT,celo_ecosystem,high
CELL-USD,CELL,trustswap_launchpad,high
GLCH-USD,GLCH,trustswap_launchpad,high
IOEN-USD,IOEN,trustswap_launchpad,high
CHAIN-USD,CHAIN,trustswap_launchpad,high
OPUL-USD,OPUL,trustswap_launchpad,high
1ART-USD,1ART,hacken_foundation,high
HAPI-USD,HAPI,hacken_foundation,high
HAI-USD,HAI,hacken_foundation,high
CKB-USD,CKB,scaling,high
LRC-USD,LRC,scaling,high
ROSE-USD,ROSE,scaling,high
SKL-USD,SKL,scaling,high
ARB-USD,ARB,scaling,high
ZEN-USD,ZEN,scaling,high
EGLD-USD,EGLD,scaling,high
ZRX-USD,ZRX,scaling,high
RENDER-USD,RENDER,scaling,high
AAVE-USD,AAVE,defiance_capital_portfolio,high
SUSHI-USD,SUSHI,defiance_capital_portfolio,high
MTA-USD,MTA,defiance_capital_portfolio,high
ALPHA-USD,ALPHA,defiance_capital_portfolio,high
BETA-USD,BETA,defiance_capital_portfolio,high
AXS-USD,AXS,defiance_capital_portfolio,high
SNX-USD,SNX,defiance_capital_portfolio,high
DODO-USD,DODO,defiance_capital_portfolio,high
HOPR-USD,HOPR,vbc_ventures_portfolio,high
PKF-USD,PKF,vbc_ventures_portfolio,high
XTAG-USD,XTAG,vbc_ventures_portfolio,high
KEX-USD,KEX,vbc_ventures_portfolio,high
KSM-USD,KSM,vbc_ventures_portfolio,high
NAKA-USD,NAKA,vbc_ventures_portfolio,high
DAO-USD,DAO,vbc_ventures_portfolio,high
WOO-USD,WOO,vbc_ventures_portfolio,high
LABZ-USD,LABZ,retail,high
PHB-USD,PHB,retail,high
NEURA-USD,NEURA,retail,high
PART-USD,PART,retail,high
COS-USD,COS,video,high
LPT-USD,LPT,video,high
AIOZ-USD,AIOZ,video,high
VRA-USD,VRA,video,high
THETA-USD,THETA,video,high
MBL-USD,MBL,video,high
RENDER-USD,RENDER,video,high
RLY-USD,RLY,ledgerprime_portfolio,high
CVP-USD,CVP,ledgerprime_portfolio,high
SFI-USD,SFI,ledgerprime_portfolio,high
RGT-USD,RGT,ledgerprime_portfolio,high
FLOW-USD,FLOW,ledgerprime_portfolio,high
PTF-USD,PTF,ledgerprime_portfolio,high
CKB-USD,CKB,rollups,high
LRC-USD,LRC,rollups,high
STRK-USD,STRK,rollups,high
ARB-USD,ARB,rollups,high
METIS-USD,METIS,rollups,high
PHA-USD,PHA,rollups,high
ASTR-USD,ASTR,rollups,high
UXLINK-USD,UXLINK,social_token,high
RLY-USD,RLY,social_token,high
CERE-USD,CERE,social_token,high
ZENT-USD,ZENT,social_token,high
DIONE-USD,DIONE,paal_ecosystem,high
FLOKI-USD,FLOKI,paal_ecosystem,high
GHX-USD,GHX,paal_ecosystem,high
INSP-USD,INSP,paal_ecosystem,high
PAAL-USD,PAAL,paal_ecosystem,high
WILD-USD,WILD,animoca_brands_portfolio,high
YGG-USD,YGG,animoca_brands_portfolio,high
FLOW-USD,FLOW,animoca_brands_portfolio,high
AXS-USD,AXS,animoca_brands_portfolio,high
SAND-USD,SAND,animoca_brands_portfolio,high
BCUT-USD,BCUT,shima_capital,high
MAV-USD,MAV,shima_capital,high
PRCL-USD,PRCL,shima_capital,high
SWORLD-USD,SWORLD,seedify,high
CGPT-USD,CGPT,seedify,high
OFN-USD,OFN,seedify,high
OBI-USD,OBI,seedify,high
SOIL-USD,SOIL,seedify,high
GFAL-USD,GFAL,seedify,high
HYPC-USD,HYPC,seedify,high
GMRX-USD,GMRX,seedify,high
DCK-USD,DCK,seedify,high
TAVA-USD,TAVA,seedify,high
FRAX-USD,FRAX,seigniorage,high
ESD-USD,ESD,seigniorage,high
SHARE-USD,SHARE,seigniorage,high
BAC-USD,BAC,seigniorage,high
USTC-USD,USTC,seigniorage,high
MAV-USD,MAV,circle_ventures_portfolio,high
SYRUP-USD,SYRUP,circle_ventures_portfolio,high
NEAR-USD,NEAR,circle_ventures_portfolio,high
XION-USD,XION,circle_ventures_portfolio,high
WXT-USD,WXT,asset_management,high
BORG-USD,BORG,asset_management,high
MLN-USD,MLN,asset_management,high
NMR-USD,NMR,asset_management,high
ZIG-USD,ZIG,asset_management,high
BANK-USD,BANK,asset_management,high
EDEN-USD,EDEN,asset_management,high
DEXE-USD,DEXE,asset_management,high
UQC-USD,UQC,asset_management,high
VLXPAD-USD,VLXPAD,bluezilla,high
ADAPAD-USD,ADAPAD,bluezilla,high
GZONE-USD,GZONE,bluezilla,high
PLSPAD-USD,PLSPAD,bluezilla,high
MOVEZ-USD,MOVEZ,bluezilla,high
AIPAD-USD,AIPAD,bluezilla,high
ETHPAD-USD,ETHPAD,bluezilla,high
METAV-USD,METAV,bluezilla,high
BSCPAD-USD,BSCPAD,bluezilla,high
PKR-USD,PKR,bullperks_launchpad,high
CWAR-USD,CWAR,bullperks_launchpad,high
ERTHA-USD,ERTHA,bullperks_launchpad,high
HGPT-USD,HGPT,bullperks_launchpad,high
MONI-USD,MONI,bullperks_launchpad,high
BLOK-USD,BLOK,bullperks_launchpad,high
QORPO-USD,QORPO,bullperks_launchpad,high
CWEB-USD,CWEB,bullperks_launchpad,high
HIGH-USD,HIGH,bullperks_launchpad,high
ROOM-USD,ROOM,bounce_launchpad,high
AUCTION-USD,AUCTION,bounce_launchpad,high
O3-USD,O3,bounce_launchpad,high
NFTB-USD,NFTB,bounce_launchpad,high
UMB-USD,UMB,bounce_launchpad,high
BSCS-USD,BSCS,bounce_launchpad,high
SHOE-USD,SHOE,oxbull,high
ALU-USD,ALU,oxbull,high
POCO-USD,POCO,oxbull,high
ETNA-USD,ETNA,oxbull,high
MONI-USD,MONI,oxbull,high
BLOK-USD,BLOK,oxbull,high
SKILL-USD,SKILL,oxbull,high
LFG-USD,LFG,oxbull,high
CGPT-USD,CGPT,discord_bots,high
COLLAB-USD,COLLAB,discord_bots,high
AIKEK-USD,AIKEK,discord_bots,high
PAAL-USD,PAAL,discord_bots,high
BAD-USD,BAD,discord_bots,high
SUNDOG-USD,SUNDOG,sun_pump_ecosystem,high
TBULL-USD,TBULL,sun_pump_ecosystem,high
SUNCAT-USD,SUNCAT,sun_pump_ecosystem,high
SUNPEPE-USD,SUNPEPE,sun_pump_ecosystem,high
IVFUN-USD,IVFUN,sun_pump_ecosystem,high
MUNCAT-USD,MUNCAT,sun_pump_ecosystem,high
PLR-USD,PLR,account_abstraction,high
BICO-USD,BICO,account_abstraction,high
WALLET-USD,WALLET,account_abstraction,high
SAFE-USD,SAFE,account_abstraction,high
NEAR-USD,NEAR,account_abstraction,high
LUMIA-USD,LUMIA,account_abstraction,high
PHA-USD,PHA,account_abstraction,high
ADX-USD,ADX,account_abstraction,high
SUNDOG-USD,SUNDOG,tron_memes,high
TBULL-USD,TBULL,tron_memes,high
SUNPUMP-USD,SUNPUMP,tron_memes,high
SUNCAT-USD,SUNCAT,tron_memes,high
SUNPEPE-USD,SUNPEPE,tron_memes,high
IVFUN-USD,IVFUN,tron_memes,high
MUNCAT-USD,MUNCAT,tron_memes,high
RIO-USD,RIO,real_estate,high
BABYDOGE-USD,BABYDOGE,real_estate,high
PRO-USD,PRO,real_estate,high
PRCL-USD,PRCL,real_estate,high
DEVVE-USD,DEVVE,real_estate,high
BST-USD,BST,real_estate,high
PROPC-USD,PROPC,real_estate,high
BICO-USD,BICO,fenbushi_capital_portfolio,high
DOT-USD,DOT,fenbushi_capital_portfolio,high
LA-USD,LA,fenbushi_capital_portfolio,high
ICP-USD,ICP,fenbushi_capital_portfolio,high
SC-USD,SC,fenbushi_capital_portfolio,high
VET-USD,VET,fenbushi_capital_portfolio,high
ZEC-USD,ZEC,fenbushi_capital_portfolio,high
BUNI-USD,BUNI,polkafoundry_red_kite,high
PKF-USD,PKF,polkafoundry_red_kite,high
ASPO-USD,ASPO,polkafoundry_red_kite,high
DARK-USD,DARK,polkafoundry_red_kite,high
SOULS-USD,SOULS,polkafoundry_red_kite,high
DREAMS-USD,DREAMS,polkafoundry_red_kite,high
BLOK-USD,BLOK,polkafoundry_red_kite,high
GAFI-USD,GAFI,polkafoundry_red_kite,high
CHR-USD,CHR,chromia_ecosystem,high
HGET-USD,HGET,chromia_ecosystem,high
ALICE-USD,ALICE,chromia_ecosystem,high
CO-USD,CO,chromia_ecosystem,high
BEL-USD,BEL,chromia_ecosystem,high
APYS-USD,APYS,chromia_ecosystem,high
AAVE-USD,AAVE,standard_crypto_portfolio,high
LDO-USD,LDO,standard_crypto_portfolio,high
MKR-USD,MKR,standard_crypto_portfolio,high
AUDIO-USD,AUDIO,standard_crypto_portfolio,high
ZEC-USD,ZEC,standard_crypto_portfolio,high
YFI-USD,YFI,standard_crypto_portfolio,high
FTT-USD,FTT,exnetwork_capital_portfolio,high
DOT-USD,DOT,exnetwork_capital_portfolio,high
FRAX-USD,FRAX,exnetwork_capital_portfolio,high
OM-USD,OM,exnetwork_capital_portfolio,high
ICP-USD,ICP,exnetwork_capital_portfolio,high
RUNE-USD,RUNE,exnetwork_capital_portfolio,high
ATOM-USD,ATOM,exnetwork_capital_portfolio,high
EGLD-USD,EGLD,exnetwork_capital_portfolio,high
ALGO-USD,ALGO,exnetwork_capital_portfolio,high
SHOE-USD,SHOE,kommunitas_launchpad,high
FYN-USD,FYN,kommunitas_launchpad,high
CHER-USD,CHER,kommunitas_launchpad,high
QORPO-USD,QORPO,kommunitas_launchpad,high
GQ-USD,GQ,kommunitas_launchpad,high
SEI-USD,SEI,jump_crypto,high
MAV-USD,MAV,jump_crypto,high
W-USD,W,jump_crypto,high
ATA-USD,ATA,jump_crypto,high
BLUR-USD,BLUR,egirl_capital_portfolio,high
LDO-USD,LDO,egirl_capital_portfolio,high
ALCX-USD,ALCX,egirl_capital_portfolio,high
ARB-USD,ARB,egirl_capital_portfolio,high
AR-USD,AR,egirl_capital_portfolio,high
FITFI-USD,FITFI,health,high
SOLVE-USD,SOLVE,health,high
DOSE-USD,DOSE,health,high
MED-USD,MED,health,high
GRND-USD,GRND,health,high
GALEON-USD,GALEON,health,high
HOOK-USD,HOOK,education,high
NFE-USD,NFE,education,high
NWC-USD,NWC,education,high
BUNI-USD,BUNI,icetea_labs,high
GAFI-USD,GAFI,icetea_labs,high
PERRY-USD,PERRY,icetea_labs,high
RENA-USD,RENA,icetea_labs,high
ASPO-USD,ASPO,icetea_labs,high
KMON-USD,KMON,icetea_labs,high
BEM-USD,BEM,icetea_labs,high
PKF-USD,PKF,icetea_labs,high
SOULS-USD,SOULS,icetea_labs,high
YODE-USD,YODE,doge_chain_ecosystem,high
OMNOM-USD,OMNOM,doge_chain_ecosystem,high
WWDOGE-USD,WWDOGE,doge_chain_ecosystem,high
PSG-USD,PSG,soccer,high
BAR-USD,BAR,soccer,high
JUV-USD,JUV,soccer,high
OG-USD,OG,soccer,high
ATM-USD,ATM,soccer,high
ARG-USD,ARG,soccer,high
GAL-USD,GAL,soccer,high
ASR-USD,ASR,soccer,high
